Word,Dual,Dual2
about,lives,lives
other,fungi,fungi
their,funds,funds
first,newly,newly
would,might,might
price,funds,funds
email,proxy,proxy
world,punic,china
music,dylan,banjo
after,wound,wound
video,flash,flash
links,payer,payer
years,month,month
items,phyla,phyla
group,clade,niche
under,libya,amity
games,blitz,blitz
could,might,might
great,indus,duchy
hotel,cabin,cabin
store,build,build
terms,valid,valid
right,flank,flank
those,valid,valid
using,batch,batch
phone,stack,stack
forum,pages,pages
based,micro,micro
black,white,white
index,graph,graph
being,crowd,crowd
women,girls,girls
today,since,since
south,kenya,ridge
pages,xhtml,forum
found,chasm,chasm
house,privy,privy
power,gains,gains
while,among,among
place,round,round
think,argue,argue
north,lakes,lakes
media,blogs,focus
water,fluid,fluid
since,today,today
guide,shtml,watch
board,chief,chief
white,black,black
times,world,world
hours,twice,twice
image,lotus,lotus
money,fraud,fraud
reply,admit,admit
value,infty,point
learn,touch,touch
print,flash,flash
stock,brand,brand
point,value,value
large,thick,thick
table,chord,chord
model,basic,basic
human,overt,overt
movie,lynch,lynch
march,until,until
study,galen,logic
topic,vague,vague
below,graph,graph
party,likud,blocs
login,query,query
above,width,width
quote,diary,diary
story,fable,fable
rates,bulky,bulky
young,frail,frail
field,graph,graph
girls,mandy,candy
night,walks,walks
texas,yukon,chino
poker,whist,whist
range,shift,shift
court,pleas,pleas
audio,shtml,bytes
light,waves,waves
write,laugh,laugh
given,stuck,stuck
files,proxy,proxy
china,egypt,ruble
might,would,would
month,years,years
major,vying,vying
space,orbit,orbit
cards,phone,phone
child,woman,woman
share,imply,imply
radio,msnbc,guest
until,march,march
track,bonus,bonus
least,grown,grown
trade,opium,opium
close,faint,faint
drive,shaft,shaft
short,quick,quick
means,proxy,proxy
daily,forum,forum
beach,mount,mount
style,banjo,banjo
front,backs,backs
parts,whole,whole
early,disco,disco
miles,fundy,bronx
sound,pitch,pitch
works,haydn,fugal
rules,match,match
final,score,score
adult,women,women
thing,dream,dream
cheap,flour,flour
third,goals,goals
gifts,mercy,mercy
cover,stand,stand
often,risky,risky
watch,spend,spend
deals,humor,humor
words,kanji,latin
heart,lungs,lungs
clear,doubt,doubt
makes,would,would
taken,porch,porch
quick,delay,delay
whole,unity,unity
later,cimon,vying
basic,model,model
along,duets,duets
among,cults,cults
death,glory,glory
brand,lexus,stock
doing,spake,spake
loans,price,price
entry,gmail,audio
notes,graph,graph
force,units,units
album,disco,disco
views,dogma,dogma
plans,tried,tried
build,cater,cater
types,cmavo,fungi
lines,track,track
asked,ought,ought
lower,pitch,pitch
names,glyph,glyph
woman,child,child
cable,ports,ports
score,album,album
shown,cited,cited
flash,micro,micro
ideas,humor,humor
homes,train,train
super,namco,match
cause,imply,imply
focus,trend,trend
voice,gumby,drums
comes,drawn,drawn
brown,davey,leach
forms,phyla,phyla
smith,gould,frank
thank,yours,yours
sport,flume,flume
ready,quick,quick
round,match,match
built,roads,roads
earth,cloud,cloud
extra,bonus,bonus
rated,shown,shown
quite,wrong,wrong
horse,giant,giant
owner,slick,slick
takes,wound,wound
bring,steal,steal
input,frame,frame
agent,proxy,proxy
valid,zeros,zeros
grand,hotel,hotel
trial,judge,judge
units,force,force
wrote,plays,plays
metal,cords,cords
funds,price,price
guest,clown,clown
grade,pitch,pitch
panel,bomis,stick
match,round,round
plant,squid,squid
stage,clown,clown
maybe,shout,shout
youth,pride,pride
break,fight,fight
dance,sport,sport
enjoy,admit,admit
block,shaft,shaft
fixed,stack,stack
wrong,shame,shame
hands,mercy,mercy
worth,fined,fined
coast,rhine,ridge
grant,jolie,filed
scale,drift,drift
stand,climb,climb
frame,input,input
chief,mayor,mayor
gives,campy,campy
heard,stuck,stuck
begin,throw,throw
royal,dukes,dukes
clean,syrup,syrup
suite,dolby,acorn
older,sixty,sixty
whose,frink,guild
naked,brush,brush
lives,young,young
stone,brick,brick
buyer,login,login
waste,fluid,fluid
chair,synod,synod
phase,orbit,orbit
shirt,mandy,candy
crime,tough,tough
count,basie,swear
claim,doubt,doubt
patch,wings,wings
alone,right,right
saint,herzl,codex
drugs,toxic,toxic
joint,badge,badge
fresh,candy,candy
dates,purim,runic
prime,fouad,count
began,would,would
louis,henry,henry
urban,sited,sited
tours,milan,famed
labor,funds,funds
heavy,moist,moist
solid,wafer,wafer
touch,knife,knife
goals,merit,merit
magic,quest,quest
mount,ridge,ridge
smart,punch,punch
latin,codex,codex
avoid,crush,crush
birth,woman,woman
virus,clone,clone
abuse,child,child
facts,humor,humor
faith,mercy,mercy
chain,jumps,jumps
moved,swung,swung
reach,build,build
films,debut,debut
owned,firms,firms
draft,bench,bench
chart,kylie,index
clubs,poker,poker
equal,width,width
codes,xhtml,glyph
kinds,phyla,phyla
teams,rugby,rugby
tried,plans,plans
named,frock,frock
laser,optic,optic
taxes,dowry,dowry
mouse,crank,crank
brain,fetus,fetus
dream,ghost,ghost
clips,tuner,tuner
brief,month,month
eight,psalm,psalm
wants,liked,liked
alert,punch,punch
truck,wagon,wagon
votes,likud,fraud
ocean,drift,drift
depth,focal,focal
train,locks,locks
route,basin,basin
frank,clive,butch
speak,ugric,cling
query,dhtml,login
judge,trial,trial
bytes,molar,molar
fight,break,break
filed,sworn,sworn
banks,plied,plied
leads,owing,owing
wales,bronx,bronx
minor,flats,flats
noted,claim,claim
spent,havoc,havoc
helps,avoid,avoid
drink,sauce,sauce
rings,aphex,ephod
henry,louis,louis
delta,yukon,prism
bonus,track,track
adobe,mysql,chips
layer,optic,optic
spend,climb,climb
ratio,pulse,pulse
empty,bound,bound
ideal,norms,norms
parks,devon,hotel
cream,dough,dough
boxes,punch,punch
shape,cloud,cloud
firms,quota,quota
usage,topic,topic
mixed,grown,grown
exist,macro,macro
angel,witch,witch
width,angle,angle
noise,bulky,bulky
sharp,knife,knife
knows,cried,cried
plate,rough,rough
logic,parse,parse
plain,rocky,rocky
costa,niger,ruble
trail,dunes,dunes
setup,crank,crank
blues,garth,piano
scope,unity,unity
crazy,lovin,thief
bears,hound,hound
mouth,snake,snake
fruit,honey,honey
sugar,honey,honey
stick,pedal,pedal
slide,thumb,thumb
exact,minus,minus
bound,empty,empty
storm,cabin,cabin
micro,flash,flash
paint,brush,brush
delay,quick,quick
pilot,squad,squad
novel,diary,diary
ultra,bogie,bogie
plays,wrote,wrote
truly,minds,minds
lodge,crypt,crypt
broad,multi,niche
guard,bench,bench
newly,forts,forts
raise,flock,flock
bands,flute,flute
lunch,rides,rides
audit,mysql,proxy
tower,cabin,cabin
yours,thank,thank
solar,qubit,fixed
doubt,claim,claim
forth,aside,aside
split,foray,foray
twice,hours,hours
shift,delay,delay
marks,vowel,vowel
loved,wants,wants
birds,phyla,phyla
saved,flown,flown
piano,flute,flute
ports,cable,cable
teach,bring,bring
rapid,shock,shock
hairy,nosed,nosed
dutch,serbo,krone
holds,meant,meant
pulse,crank,crank
metro,wuhan,basin
strip,novel,novel
pearl,sioux,hunts
penis,ovary,ovary
heads,luzon,crown
opera,klimt,munch
blank,timer,timer
humor,bawdy,bawdy
lived,grown,grown
meant,would,would
plane,orbit,orbit
grace,idols,idols
roman,celts,dukes
trips,beach,beach
turns,piled,piled
proud,wives,wives
giant,ducks,ducks
angle,width,width
vinyl,drums,drums
worst,final,final
pants,glove,glove
nurse,kathy,child
quiet,angry,angry
crown,dukes,dukes
maker,clown,clown
picks,threw,threw
smoke,paint,paint
craft,pylon,pylon
blind,shame,shame
coins,grape,grape
actor,kevin,helms
finds,threw,threw
prize,hugos,locus
dirty,snake,snake
alive,drunk,drunk
prove,admit,admit
wings,patch,patch
ridge,snowy,snowy
moves,pitch,pitch
throw,climb,climb
trend,focus,focus
worse,badly,badly
boats,rifle,rifle
fiber,loads,loads
graph,infty,locus
talks,bring,bring
bonds,helix,helix
fraud,money,money
crash,pilot,pilot
inter,sambo,scudo
grove,tulsa,flint
spray,cloth,cloth
roads,built,built
faces,trunk,trunk
mayor,leigh,chief
yield,spark,spark
lakes,mound,mound
diary,novel,novel
kings,judah,duchy
flags,trunk,trunk
baker,dixon,finch
shock,renal,renal
ebony,lapis,lapis
drawn,split,split
beast,cupid,cupid
yards,twice,twice
jokes,bawdy,bawdy
globe,strip,strip
ghost,devil,devil
pride,youth,youth
chile,gabon,junta
quest,glory,glory
trans,wiley,clime
acres,yukon,width
vital,prone,prone
modes,input,input
opens,yacht,yacht
lucky,thief,thief
thick,woven,woven
vista,mungo,gofer
chips,turbo,turbo
grown,lifes,fused
smile,agony,agony
lands,tribe,tribe
armed,coups,coups
candy,skirt,skirt
tiger,ducks,ducks
folks,cried,cried
icons,garde,garde
moral,ethic,ethic
pound,liter,liter
bread,spicy,spicy
tough,candy,candy
chest,wound,wound
solve,admit,admit
tones,quark,quark
sight,blade,blade
towns,duchy,duchy
reads,bitch,bitch
roles,habit,habit
glory,quest,quest
fault,noise,noise
rugby,lions,lions
fluid,vapor,vapor
devil,ghost,ghost
sized,cloth,cloth
swing,tempo,tempo
poems,diary,diary
winds,rocky,rocky
gnome,flash,flash
noble,piast,cupid
shore,lying,lying
loves,bitch,bitch
rocks,inlet,inlet
corps,badge,badge
liver,axons,axons
decor,thins,thins
fails,ought,ought
intro,madge,slack
clerk,mason,mason
jeans,bumpy,bumpy
fonts,debug,debug
favor,spite,spite
sigma,tuple,tuple
aside,forth,forth
camps,irgun,rouge
trace,binds,binds
packs,vinyl,vinyl
spoke,admit,admit
rough,plate,plate
weird,bangs,bangs
holes,quark,quark
blade,stick,stick
meals,broth,broth
robin,casey,leach
strap,flick,flick
crowd,sneak,sneak
cloud,beams,beams
knife,strap,strap
shelf,drain,drain
liked,wants,wants
adopt,unify,unify
outer,basin,basin
tales,cupid,cupid
nodes,lymph,lymph
cited,shown,shown
tired,lucky,lucky
steam,pylon,pylon
acute,prion,lymph
carol,kevin,stein
stack,pixel,pixel
curve,shaft,shaft
amber,cloth,cloth
trunk,aisle,aisle
waves,drift,drift
camel,squid,squid
lamps,fibre,fibre
juice,vodka,vodka
chase,robin,robin
sauce,broth,broth
beads,cloth,cloth
flows,drain,drain
proxy,email,email
voted,ranks,ranks
bikes,honda,craft
gates,kirby,brick
slave,dowry,dowry
haven,brisk,brisk
charm,blond,blond
basin,rocky,rocky
ranch,epsom,epsom
drunk,paste,paste
toner,glibc,bulky
latex,chips,chips
alien,ghost,ghost
broke,split,split
rocky,dunes,dunes
bunch,doves,doves
cents,molar,molar
omega,infty,width
grain,cloth,cloth
gains,power,power
salon,merci,crypt
turbo,chips,chips
aimed,joust,joust
brush,paint,paint
spare,touch,touch
skirt,candy,candy
honey,fruit,fruit
faced,riots,riots
sixth,round,round
farms,plied,plied
cheat,login,login
sandy,lough,lemur
macro,typed,typed
laugh,poked,poked
pitch,angle,angle
autos,kerch,whine
dozen,sixty,sixty
cloth,beads,beads
stamp,liner,liner
lotus,pixar,brand
cargo,mines,mines
likes,mandy,agony
tapes,vinyl,vinyl
zones,drift,drift
races,luton,flung
maple,squid,squid
depot,buick,wharf
blend,spicy,spicy
probe,tidal,tidal
debug,macro,macro
bingo,hulme,shute
minds,truly,truly
cedar,lough,snowy
hopes,admit,admit
mason,leigh,welch
burns,thief,thief
pairs,tuned,tuned
chose,admit,admit
blast,drone,drone
brake,lifts,lifts
olive,syrup,syrup
clone,virus,virus
dicks,tharp,melba
relay,optic,optic
tears,dying,dying
angry,shout,shout
lover,bitch,bitch
loads,fibre,fibre
motel,crazy,crazy
dying,flesh,flesh
stuck,fired,fired
vocal,tunes,tunes
organ,flute,flute
lemon,gravy,gravy
toxic,gland,gland
bench,squad,squad
wines,flour,flour
paste,flour,flour
relax,vomit,vomit
sword,knife,knife
coral,dunes,dunes
pixel,stack,stack
float,prick,prick
paths,fibre,fibre
acids,ethyl,ethyl
dairy,fuels,fuels
admit,prove,prove
fancy,skirt,skirt
squad,pilot,pilot
wages,incur,incur
males,forty,forty
chaos,freud,fermi
wheat,flour,flour
unity,dogma,dogma
bride,woman,woman
begun,rapid,rapid
drums,banjo,banjo
flame,brush,brush
tanks,rifle,rifle
hints,poked,poked
wired,msnbc,flash
argue,posit,posit
arise,doubt,doubt
bitch,loves,loves
menus,batch,batch
amino,ethyl,ethyl
herbs,fungi,fungi
lying,shore,shore
tries,dagny,would
trick,blade,blade
drops,climb,climb
wider,focus,focus
screw,mould,mould
blame,incur,incur
uncle,priam,dowry
randy,keith,butch
brick,lamps,lamps
cabin,hotel,hotel
fired,blown,blown
tires,pylon,pylon
anger,doubt,doubt
handy,vogel,servo
crops,wheat,wheat
guild,oscar,frank
tribe,judah,clans
batch,query,query
alter,binds,binds
twins,maceo,laver
amend,writs,writs
thong,quale,femur
medal,scout,scout
walks,dying,dying
bones,hairy,hairy
polar,dunes,dunes
patio,rebus,rebus
beans,flour,flour
snake,pouch,pouch
ought,fails,fails
fixes,dhtml,turbo
timer,plugs,plugs
racks,epoxy,epoxy
nasty,louie,crumb
tumor,gland,gland
forty,males,males
tubes,pylon,pylon
exams,corby,lunch
welsh,corgi,corgi
sonic,waltz,waltz
thumb,slide,slide
ranks,voted,voted
debut,films,films
ivory,pelts,pelts
remix,shady,shady
spice,flour,flour
trash,blink,blink
manor,leith,gulch
disco,funky,funky
minus,ethyl,ethyl
shade,motif,motif
lions,derby,derby
lyric,danse,tunes
grave,mouth,mouth
punch,slide,slide
shake,wound,wound
mercy,guilt,guilt
shame,guilt,guilt
flesh,dying,dying
witch,magus,magus
satin,covey,covey
tunes,lyric,lyric
locks,ridge,ridge
hired,lomax,flown
slope,drift,drift
nails,dough,dough
rides,lunch,lunch
rehab,micky,punts
merit,goals,goals
fairy,golem,golem
shaft,glide,glide
drain,flows,flows
monte,busch,dicky
fires,cloud,cloud
panic,tumor,tumor
beats,vinyl,vinyl
scuba,flyer,flyer
derby,lions,lions
steal,bring,bring
fears,guilt,guilt
tuner,shack,shack
alike,hmong,goths
scout,badge,badge
dealt,shown,shown
bucks,moira,hazel
badge,scout,scout
wrist,pedal,pedal
realm,unity,unity
rouge,khans,khans
yeast,flour,flour
wives,proud,proud
viral,fetus,fetus
laden,ifrcs,primo
sperm,gland,gland
craps,debit,debit
frost,candy,candy
yacht,rides,rides
whale,squid,squid
shark,ebony,ebony
grows,pubic,pubic
shine,crawl,crawl
serum,gland,gland
swift,joyce,phony
focal,depth,depth
wound,chest,chest
lined,ramps,ramps
boxed,alist,clips
flyer,winch,winch
baths,flour,flour
climb,throw,throw
token,glyph,glyph
belts,pouch,pouch
flush,brine,brine
johns,embry,beaux
ruled,kings,kings
funky,rhead,waltz
joins,waved,waved
scary,lovin,filth
cakes,flour,flour
mixer,plugs,plugs
drove,snuck,snuck
upset,angry,angry
mines,copra,copra
lance,pyotr,primo
lanes,optic,optic
purse,nicol,manly
align,cdots,stoke
crest,mound,mound
plots,mecha,bawdy
draws,hinge,hinge
surge,winch,winch
vault,ochre,ochre
wires,notch,notch
mails,journ,budge
orbit,plane,plane
bacon,freud,wiles
spine,chalk,chalk
oxide,butyl,butyl
badly,tough,tough
blink,eprom,hydra
tiles,round,round
grams,ounce,ounce
forge,chalk,chalk
brave,witch,witch
awful,dirty,dirty
whore,dugan,gnats
wagon,truck,truck
quilt,carme,recap
flour,beans,beans
choir,flute,flute
blond,skirt,skirt
burst,anode,anode
fibre,clays,clays
daisy,lopez,joker
crude,lamps,lamps
bored,flush,flush
fares,optic,optic
hoped,wants,wants
safer,toxic,toxic
marsh,clyde,flint
stake,crowd,crowd
rifle,tanks,tanks
waist,pouch,pouch
vitro,gland,gland
demos,vinyl,vinyl
resin,chalk,chalk
decay,lungs,lungs
usher,zadok,dicky
skate,pinch,pinch
lynch,maude,bowie
franc,ouest,temps
flats,medio,viper
voter,funds,funds
urine,lymph,lymph
towel,grabs,grabs
flies,truck,truck
crane,floyd,mogul
habit,cords,cords
coupe,tandy,mains
lords,junta,junta
tends,haori,rough
sixty,dozen,dozen
spark,winch,winch
spike,maury,hogan
backs,lined,lined
sedan,turbo,turbo
cares,nobly,nobly
flora,minke,genus
hardy,louie,nicks
denim,gravy,gravy
baked,syrup,syrup
glove,rusty,rusty
plush,covey,covey
urged,wants,wants
brent,walsh,mogul
fuels,toxic,toxic
stern,lomax,mogul
debit,packs,packs
edits,nomar,bumpy
raven,butch,butch
slice,gravy,gravy
aspen,lough,gulch
pause,throw,throw
demon,wrath,wrath
downs,utica,berth
rogue,mandy,dicky
optic,relay,relay
grief,cloak,cloak
sweat,prion,vigor
quake,blitz,blitz
twain,byers,crumb
renal,cough,cough
spite,favor,favor
imply,argue,argue
liner,yacht,yacht
lifts,crank,crank
acted,sworn,sworn
steak,flour,flour
cobra,spiny,spiny
threw,picks,picks
atoms,fluid,fluid
drake,pluto,lynch
rails,pouch,pouch
fried,salty,salty
cried,hangs,hangs
plugs,fibre,fibre
supra,thiol,thyme
rival,youth,youth
homer,pliny,cupid
genus,flora,flora
debts,opium,opium
myths,vedic,grail
poets,haiku,haiku
woven,brush,brush
blown,dries,dries
baton,devry,miser
diets,phyla,phyla
bowls,viper,viper
cruel,dying,dying
feast,purim,glory
ankle,wrist,wrist
decks,pylon,pylon
blunt,dashi,screw
react,binds,binds
coats,fried,fried
fairs,ghent,coney
flute,banjo,banjo
poles,katyn,umbra
equip,wands,wands
worms,fungi,fungi
pouch,stalk,stalk
peaks,cloud,cloud
niche,spurt,spurt
cigar,muted,muted
curse,jonah,agony
shout,prick,prick
nudes,moira,tapir
straw,ebony,ebony
peach,fjord,fjord
stove,dugan,bruin
freak,lovin,slimy
sadly,bruck,inept
stein,waldo,carol
drift,waves,waves
crisp,ebony,ebony
onset,hijra,rapid
snack,tripe,tripe
squid,ochre,ochre
slate,bjorn,bumpy
canoe,flush,flush
juicy,glaze,glaze
pedal,stick,stick
tuned,harps,harps
scrap,dough,dough
vapor,fluid,fluid
aloud,pithy,pithy
hydro,fuels,fuels
noisy,gated,gated
abide,stung,stung
parse,login,login
bolts,urine,urine
typed,macro,macro
clamp,knobs,knobs
grape,squid,squid
traps,fungi,fungi
guilt,mercy,mercy
ducks,giant,giant
lunar,comet,comet
posed,guilt,guilt
forks,platz,chute
boxer,squad,squad
weigh,float,float
crush,waved,waved
rants,viejo,holed
carts,glued,glued
mixes,candy,candy
clash,rowdy,rowdy
biker,manoj,patsy
stain,pouch,pouch
reign,judah,duchy
baron,felix,welch
bates,colin,dicky
elbow,skirt,skirt
stark,boyle,denim
cough,palsy,palsy
ovens,chalk,chalk
inlet,rocky,rocky
bronx,tulsa,delft
porch,glued,glued
dinar,ouest,husky
faxes,duron,login
midst,favor,favor
borne,scalp,scalp
tempo,swing,swing
torch,smile,smile
hacks,pyotr,bruin
notch,jumps,jumps
lacks,inert,inert
bowie,lynch,lynch
scent,flour,flour
fines,quota,quota
grasp,untie,untie
ounce,grams,grams
buena,jordi,corgi
quota,firms,firms
versa,putin,login
jumbo,sedan,sedan
maths,dicke,bruin
flint,marsh,marsh
burnt,wiped,wiped
roast,chewy,chewy
shiny,glaze,glaze
ample,grist,grist
scarf,epoxy,epoxy
hated,pious,pious
spicy,broth,broth
beard,nicks,nicks
ruins,egypt,delft
hyper,octal,octal
cites,whorf,rowan
gamer,yukio,whist
norms,ethic,ethic
prima,conte,honky
fetal,prion,cough
palms,ochre,ochre
chord,flute,flute
hawks,floyd,robin
irons,chevy,lefty
comet,lunar,lunar
syrup,baked,baked
bites,hydra,hydra
prose,haiku,haiku
swear,cling,cling
intra,lymph,lymph
clown,guest,guest
dwarf,cones,cones
pines,falco,gravy
urges,phony,phony
beams,fluid,fluid
dough,paste,paste
welch,marty,randy
horde,kings,kings
roach,kline,lefty
locus,graph,graph
prone,humid,humid
clues,brain,brain
crews,pilot,pilot
timed,cough,cough
scare,vomit,vomit
thief,mandy,crazy
motif,shade,shade
hurts,cyndi,dinky
spear,tunic,tunic
birch,alnus,steno
helix,quark,quark
zebra,squid,squid
fetch,grabs,grabs
unite,clasp,clasp
shear,gluon,gluon
ponds,wheat,wheat
trump,flick,flick
mates,pinky,pinky
champ,trois,vixen
recap,timon,thunk
astro,binky,dicky
crawl,vomit,vomit
flaws,toner,toner
hazel,pinus,bruin
lungs,vapor,vapor
jacks,towel,towel
stole,mandy,drank
quasi,ethno,crony
knots,glide,glide
jumps,notch,notch
vague,hotly,hotly
wraps,lobed,lobed
rusty,angie,hazel
warns,joked,joked
sting,kaoru,pokey
bravo,tsing,dicky
liter,pound,pound
basil,percy,croft
paced,noisy,noisy
shack,tuner,tuner
cafes,grupo,lingo
nexus,aford,howdy
tango,dulce,lyric
carte,yukio,fling
pains,cruel,cruel
torah,vedic,deism
bowel,vagus,vagus
chats,yukio,bruin
shire,yukon,ducal
mains,coupe,coupe
misty,peach,peach
prism,nodal,nodal
vegan,bocks,bocks
grips,fluke,fluke
gears,pylon,pylon
risen,gault,havoc
rhino,bagel,bagel
swept,lying,lying
arose,hindu,clung
hogan,ricky,dicky
flock,haunt,haunt
shave,cling,cling
swamp,lovin,bunch
faint,rough,rough
gland,tumor,tumor
blows,pinch,pinch
stoke,wigan,ranch
nitro,flaps,flaps
loser,waugh,dinky
tyres,winch,winch
hicks,payne,rowan
chalk,resin,resin
negro,tamil,yacht
wrath,devil,devil
grind,paste,paste
blitz,menus,menus
rainy,bulge,bulge
viola,unger,crumb
volts,fiber,fiber
diver,flank,flank
blaze,pinus,stink
wreck,mound,mound
horns,flute,flute
risky,tough,tough
tulip,dykes,dykes
owing,cater,cater
ropes,chalk,chalk
cords,fluke,fluke
ditch,sneak,sneak
slick,mandy,gravy
chunk,epoxy,epoxy
slept,drank,drank
waits,vogel,poked
tenor,lukas,slick
scrub,minke,leafy
caves,mound,mound
topaz,kerch,grime
dusty,mochi,vixen
cared,unfit,unfit
sworn,acted,acted
frogs,minke,hyena
expat,rosny,blush
temps,bazin,bruin
mover,infty,halts
darts,chino,chino
tails,ounce,ounce
hangs,cried,cried
quark,helix,helix
dolce,strix,bruin
veins,gourd,gourd
folds,pubic,pubic
sneak,clump,clump
tidal,shock,shock
crust,biome,biome
miner,floyd,flask
diner,stomp,stomp
mound,caves,caves
chefs,otaku,vodka
scion,breda,avert
wears,pinch,pinch
regal,sihon,itchy
curly,nosed,nosed
hound,zebra,zebra
wharf,docks,docks
flick,grabs,grabs
datum,glyph,glyph
maize,syrup,syrup
psalm,chron,credo
leaks,dough,dough
irony,shame,shame
viper,flask,flask
litre,pound,pound
binds,lymph,lymph
flare,winch,winch
crank,setup,setup
goats,fried,fried
rains,bulge,bulge
brace,phong,plush
mango,chewy,chewy
meats,flour,flour
windy,scrub,scrub
vogue,klimt,films
aired,msnbc,clown
vodka,spicy,spicy
knobs,mylar,mylar
moist,wafer,wafer
fries,cajun,vodka
serif,tchad,glyph
monks,laity,laity
rents,dumbo,aphid
cater,owing,owing
colts,derby,derby
dunes,rocky,rocky
pinch,grabs,grabs
filth,naxos,amuck
shady,remix,remix
valet,moniz,dicky
jihad,cults,cults
raped,signy,thugs
taxis,flour,flour
hates,lovin,growl
rowan,clive,hicks
stair,bumpy,bumpy
quart,hsing,gimel
bison,alder,alder
fungi,phyla,phyla
incur,plead,plead
cores,bulky,bulky
dukes,mainz,crown
fudge,nokia,maxis
exits,adour,plumb
cured,toxin,toxin
slack,tripe,tripe
vines,flour,flour
cages,dumbo,mould
banjo,flute,flute
stare,windu,downy
flair,buson,chute
aisle,trunk,trunk
limbs,woven,woven
paved,milky,milky
spawn,flirt,flirt
epoxy,curds,curds
stony,peach,peach
crypt,siena,hales
bogus,dietz,laker
tying,backs,backs
cubes,ovary,ovary
rinse,dough,dough
tides,vapor,vapor
venom,scaly,scaly
cries,agony,agony
techs,azuki,madly
haute,corgi,corgi
wacky,hulme,snipe
shalt,mercy,mercy
visor,glaze,glaze
naive,modus,modus
hires,dungy,dungy
fiery,stalk,stalk
fakes,timon,lurid
acorn,bulky,bulky
smoky,peach,peach
flirt,schon,amuse
slang,trope,humor
finch,debra,bower
largo,betsy,nicks
agile,furst,crumb
stray,flick,flick
forte,lucha,dinky
waive,lurch,lurch
lymph,axons,axons
latch,bores,bores
verbs,kanji,glyph
drank,thugs,thugs
grabs,flick,flick
wards,lough,melon
hinge,calyx,calyx
faire,ponty,psych
vitae,shrub,shrub
hertz,jakob,sigma
flown,raced,raced
silky,monta,pecan
repay,cling,cling
fetus,gland,gland
cider,salty,salty
hears,flynt,lucky
pivot,bends,bends
glide,jumps,jumps
waltz,remix,remix
blush,moira,covey
modal,tukey,query
cadet,kirov,privy
opted,clung,clung
hides,gravy,gravy
piles,ovary,ovary
havoc,drips,drips
sling,broth,broth
epoch,fasti,marks
plaid,cymru,tongs
fable,mundi,cupid
sober,manly,manly
tread,cling,cling
earns,bitch,bitch
garde,synth,hymns
ramps,glued,glued
weary,pskov,quint
snowy,cedar,cedar
fined,prays,prays
apron,leith,blush
aides,clout,clout
forma,plebs,plebs
husky,corgi,corgi
bland,pokey,pokey
robes,tunic,tunic
adept,boils,boils
krona,thyme,thyme
servo,qmail,champ
snail,gumbo,gumbo
sutra,vedic,yogic
swine,carly,aloft
heron,quays,quays
graft,ileus,ileus
envoy,hamid,curia
clans,druze,tribe
abort,winch,winch
spade,brion,bruin
glare,pubis,pubis
grids,batch,batch
facto,vries,plume
haiku,prose,prose
wafer,moist,moist
hover,climb,climb
molds,brine,brine
leafs,huron,bruin
agony,kurtz,likes
lacey,voris,primo
cones,dwarf,dwarf
taxed,suing,suing
gator,hulme,snipe
taped,slick,slick
docks,wharf,wharf
rhyme,kanji,licks
triad,coven,coven
cameo,flynt,dirty
leach,brion,robin
milky,paved,paved
combs,ailey,hazel
coils,wafer,wafer
navel,grist,grist
bumps,calyx,calyx
sable,finch,finch
toxin,fumes,fumes
axiom,curve,curve
vents,aphid,aphid
mater,johns,johns
humps,viejo,rayon
joker,daisy,daisy
hikes,tubal,tubal
wiped,burnt,burnt
cures,gland,gland
brink,squaw,squaw
mould,sinew,sinew
croft,nahum,pansy
penal,writs,writs
riots,kabul,waged
lapse,cyndi,dicky
shrub,leafy,leafy
finer,bolts,bolts
smack,whirl,whirl
cloak,thugs,thugs
manic,bowel,bowel
choke,grabs,grabs
gravy,melon,melon
payer,tisch,dicks
glaze,curds,curds
infra,cebus,glove
gated,lymph,lymph
psych,keita,flake
nomad,wufei,bilge
thorn,abies,lapis
spoil,tread,tread
hymns,codex,codex
palsy,crohn,cough
bayou,ricks,snipe
tonic,pedal,pedal
rites,dogma,dogma
tuple,sigma,sigma
chant,verdi,prose
raves,chino,chino
mural,seton,scone
wager,quits,quits
purge,nazis,khans
perky,naomi,finch
fused,ovary,ovary
stump,finch,finch
scalp,vomit,vomit
actin,spore,spore
melon,gravy,gravy
siren,vlado,tubal
clasp,honed,honed
wipes,thunk,thunk
krone,lahti,dutch
aegis,monck,cornu
amour,chien,levis
thugs,daiko,melon
sonar,glide,glide
ethyl,acids,acids
lambs,witch,witch
ulcer,dinky,dinky
ethic,dogma,dogma
taxon,hiker,hiker
thine,yours,yours
opium,wheat,wheat
barge,optic,optic
famed,colin,robin
slant,vigor,vigor
chops,markt,laird
snare,flick,flick
shank,drupe,bumpy
leash,micky,frown
hunts,brady,yerba
ligne,spohr,moray
broth,sauce,sauce
crows,quail,quail
taper,blows,blows
smear,dinky,dinky
slain,herod,mercy
quail,covey,covey
plume,vitry,cobra
plank,hurdy,mitre
enact,privy,privy
deity,jonah,magus
claws,venom,venom
manly,tibor,quips
peril,gohan,moats
hairs,ebony,ebony
maids,crohn,forte
swirl,cmavo,donut
abode,guilt,guilt
campo,studi,livre
polka,bruin,bruin
nicer,plush,plush
boast,cling,cling
gents,micky,mocha
perch,gumbo,gumbo
angst,bodhi,jerky
gecko,squid,squid
codex,arukh,hymns
barns,viejo,guyed
raids,phnom,bulge
facet,buson,mould
wares,timon,thunk
brute,pylon,pylon
butch,owens,randy
yarns,mould,mould
liars,wendt,unwed
saith,ekron,godly
kites,gravy,gravy
dumps,xchat,covey
hanks,gomez,bower
salty,fried,fried
zeros,infty,input
valor,juden,sheik
sabre,flick,flick
ticks,foyle,paged
itchy,queso,melon
bulky,maser,maser
widen,moats,moats
colds,hiker,hiker
fluke,grind,grind
stomp,bruin,bruin
glade,bruin,bruin
licks,toque,toque
caste,hindu,gumbo
libra,hymen,hymen
lures,vomit,vomit
flaps,broth,broth
swarm,fluke,fluke
drown,blaze,blaze
bangs,riley,filth
radon,butyl,butyl
coder,thunk,thunk
pleas,unfit,unfit
flask,ebony,ebony
idols,wrath,wrath
altos,devry,curie
overs,bumpy,bumpy
tesla,cyrix,hydro
padre,moniz,finch
plead,incur,incur
warts,viejo,covey
medic,stang,patsy
grail,monty,demon
pecan,thiol,silky
aches,growl,growl
chime,tongs,tongs
remit,chaps,chaps
pinto,alves,yerba
pears,dingo,dingo
heats,fluid,fluid
lucid,angst,angst
infer,boast,boast
synod,vicar,vicar
bleak,croft,croft
tramp,leigh,honky
perks,hamon,dicta
vibes,otmar,honky
lathe,bruin,bruin
petri,nazwy,quays
bylaw,dogen,grime
leaps,dough,dough
lends,froth,froth
typos,lurch,lurch
dives,notch,notch
stale,dinky,dinky
patsy,crowe,growl
corgi,nazwy,husky
cupid,freya,beast
piers,mungo,lanky
dykes,nomar,quail
haste,micky,dinky
expos,randy,randy
berth,downs,downs
crabs,minke,dingo
lingo,expat,expat
saber,windu,finch
folic,thunk,thunk
lager,spicy,spicy
divas,gluck,honky
azure,silky,silky
vowel,marks,marks
fecal,prion,squid
humid,snowy,snowy
guile,brans,brans
mined,syrup,syrup
lofty,carme,bared
dogma,ethic,ethic
winch,salvo,salvo
evils,wrath,wrath
jocks,byner,lefty
shawl,moniz,bruin
bends,flick,flick
thyme,bruin,bruin
chino,darts,darts
ovary,squid,squid
flops,tuner,tuner
vices,groan,groan
arson,itchy,itchy
haunt,flock,flock
braid,coset,coset
chimp,warts,warts
lefty,shawn,crumb
vigor,plums,plums
glued,knobs,knobs
alder,cumin,cumin
lawns,devry,tripe
raced,flown,flown
redux,namco,patsy
quits,waved,waved
inlay,frets,frets
craze,snout,snout
fumes,ovary,ovary
harms,vinge,guile
carve,build,build
relic,nymph,nymph
ethos,kafir,manly
cling,amuse,amuse
toned,grabs,grabs
caron,tique,shute
nudge,shawl,shawl
doves,finch,finch
heaps,boric,boric
hydra,cebus,bites
anvil,drupe,pours
stalk,drupe,gourd
inert,clays,clays
rayon,plums,plums
mocha,lubin,quint
firth,clyde,mound
cadre,sunil,punts
squat,vcore,lobed
pubic,folds,folds
hives,ylang,tubal
bowed,pluck,pluck
primo,alves,lacey
flank,chest,chest
ducts,ovary,ovary
mules,taino,rayon
spout,mylar,mylar
hefty,saigo,brans
hoist,fluke,fluke
swami,judeo,crone
feral,ponds,ponds
truce,spain,synod
laird,shute,shute
petal,dinky,dinky
dries,blown,blown
tiers,chaux,polka
pluck,bowed,bowed
prick,holed,holed
herds,fungi,fungi
ascot,grime,grime
germs,bland,bland
grays,tonle,pinto
vixen,stork,stork
whips,mylar,mylar
fades,vomit,vomit
bulge,chari,scarp
slump,hover,hover
nerds,yukio,plait
laude,hsing,stoic
wakes,froth,froth
marge,cyndi,quint
stink,chomp,chomp
overt,jihad,jihad
slime,gravy,gravy
swung,crept,crept
waved,snuck,snuck
vowed,fails,fails
skier,hound,hound
tiled,knobs,knobs
talon,sieur,dykes
shred,bloat,bloat
binge,palsy,palsy
limbo,sutra,sutra
shove,mylar,mylar
flake,mochi,bruin
wiser,godly,godly
flung,crept,crept
donut,clams,clams
tabor,synge,levis
chute,varig,silky
whine,plums,plums
fouls,debit,debit
canes,gumbo,gumbo
vicar,synod,synod
prank,vogel,covey
delft,bursa,corgi
suing,taxed,taxed
brine,dough,dough
piled,snuck,snuck
unfit,cared,cared
rouse,mckay,plait
helms,brady,dicky
moths,fungi,fungi
foxes,phyla,phyla
mites,ylang,polka
macho,dirge,dirge
bagel,moniz,quint
cults,dogma,dogma
gable,yukio,dicky
laced,brush,brush
mares,dingo,dingo
chaps,timon,bruin
fermi,bloch,johns
verso,blanc,dicky
cleft,pinus,spiny
groin,haste,haste
bower,dicky,dicky
longs,tapir,tapir
swain,huber,covey
mourn,hales,hales
pores,gland,gland
oiled,fangs,fangs
moray,leith,hinds
reals,infty,monic
brisk,houma,pecan
epsom,xingu,bruin
butyl,pears,pears
shale,cumin,cumin
anode,prism,prism
avert,scudo,scudo
guise,apron,apron
vomit,glans,glans
shaky,femur,femur
necks,bumpy,bumpy
phony,dietz,laker
jerky,saigo,tubal
argon,ethyl,ethyl
morph,glaze,glaze
clams,tripe,tripe
speck,myron,bruin
duets,roach,roach
mogul,bryan,randy
vials,epoxy,epoxy
reins,thumb,thumb
tombs,judea,runic
frown,dicta,dicta
privy,boule,boule
sepia,thunk,thunk
forts,kabul,duchy
levis,nazwy,matzo
jails,mothe,covey
brant,leigh,dicky
stork,hulme,pecan
tunic,spear,spear
farce,howls,howls
howdy,begum,trice
whack,untso,grist
drone,flick,flick
godly,saith,saith
spire,vault,vault
stead,nicol,mourn
nicks,marty,hazel
boils,katyn,perch
covey,gnats,gnats
dials,eprom,churn
aster,blohm,jumbo
ferns,aphid,aphid
curls,thyme,thyme
melts,vapor,vapor
mitre,falco,shank
bales,porky,porky
rapes,timon,thunk
lumen,grist,grist
pious,thrax,hated
tonal,serif,serif
shone,calyx,calyx
leafy,shrub,shrub
trove,wacky,wacky
hasty,efron,dirge
munch,verdi,degas
clove,kashi,wands
mylar,thunk,thunk
giver,nymph,nymph
nymph,argus,giver
frail,nymph,nymph
churn,epoxy,epoxy
muted,brion,honky
feats,hurdy,humor
bumpy,satin,satin
aleph,infty,modus
amine,butyl,butyl
spake,xiong,doing
awoke,hurls,hurls
prune,mochi,glows
cairn,lough,stomp
fling,covey,covey
auger,bosch,dinky
domes,trunk,trunk
hiker,falco,matzo
zloty,hamer,pecan
crumb,gavin,hazel
pinky,cleft,cleft
mints,copra,copra
grate,pubns,sonic
fiend,wacky,wacky
fleas,toxin,toxin
heals,prion,dinky
runes,phyla,phyla
swore,cling,cling
livre,nazwy,scudo
wands,pokey,pokey
leaky,cough,cough
molar,cubes,cubes
earls,duchy,duchy
hyped,stung,stung
gulch,presa,tapir
axles,bumpy,bumpy
towed,frans,racks
canto,liber,livre
crimp,thunk,thunk
lumps,ochre,ochre
facie,smyth,growl
clout,perks,perks
phage,torus,torus
paces,ribot,quint
glyph,kanji,serif
plumb,wotan,satin
unify,adopt,adopt
junta,plebs,plebs
grout,levis,levis
curie,jakob,talon
taker,windu,bushy
janes,brody,dicky
scorn,bawdy,bawdy
whirl,onega,tongs
hinds,parke,lefty
pesky,monta,gulch
moles,radix,radix
rivet,bocks,bocks
grunt,spade,spade
rabid,stung,stung
cumin,alder,alder
nosed,curly,curly
aunts,micky,bilge
lapis,ochre,ochre
shunt,oiler,oiler
synch,expat,expat
flips,vcore,thong
aptly,erick,bruin
sheik,yaqub,dungy
pints,elroy,cubed
piety,dogma,dogma
froze,litha,tubal
modus,rance,naive
hails,woken,woken
mauve,stich,dinky
spore,azuki,actin
crept,swung,swung
firma,woden,hunky
punks,avril,bared
bugle,trios,trios
fours,pwned,chime
comer,duval,punks
redox,vagus,vagus
waged,punic,coups
waxed,thunk,thunk
heros,windu,dinky
nears,khtml,folic
waxes,flour,flour
neath,loris,crows
coney,quail,quail
brawl,micky,covey
tubal,pesci,snipe
chore,fling,fling
trams,guyed,guyed
octal,servi,bruin
gauze,bolts,bolts
amuse,cling,cling
fixer,paton,gaudy
gamut,fibre,fibre
beryl,danio,dingo
madly,trios,trios
scant,lurid,lurid
flier,chats,chats
pours,laney,glaze
amity,scudo,scudo
hades,glory,glory
defun,pchar,octal
honky,jamie,crumb
leans,humid,humid
foils,chaux,thunk
buoys,mehta,pecan
murky,vegan,vegan
tongs,drupe,recap
yanks,chogm,grime
poked,aulis,satyr
gnats,covey,covey
dares,cling,cling
clays,brine,brine
bough,elfin,elfin
radix,moles,moles
grist,epoxy,epoxy
sloth,carne,carne
fates,gluck,mourn
drags,untie,untie
chasm,tonle,bulge
ravel,guido,honky
decoy,alvis,punts
grime,landy,thunk
tacos,ruben,beryl
dwelt,prays,prays
caged,stork,stork
rowdy,linge,punts
torus,calyx,calyx
emits,vapor,vapor
sited,rayon,rayon
gourd,scaly,scaly
foray,split,split
nodal,qubit,prism
aloft,dinky,dinky
mated,spiky,spiky
plums,boric,boric
bathe,glows,glows
girth,calyx,calyx
lobes,mafic,fungi
coals,rumen,rumen
brunt,yakov,hales
glens,houma,matzo
islet,fjord,fjord
caper,gumby,quint
quack,hideo,snipe
oaths,mercy,mercy
curbs,tonle,gated
warms,vixen,vixen
groan,zeist,quips
toile,chung,champ
antes,gumbo,gumbo
voids,glaze,glaze
spina,kutch,covey
gumbo,cante,pecan
lured,hangs,hangs
adorn,thyme,thyme
dorms,feliz,wacky
pared,snuck,snuck
squaw,tobey,covey
bouts,manic,manic
epics,turan,tango
growl,mehta,itchy
brash,pokey,pokey
inept,gluck,brash
divan,mothe,lurch
snark,itchy,itchy
thump,danse,credo
minas,pedro,gulch
bruin,thyme,thyme
dimer,butyl,butyl
capes,ditko,growl
salvo,winch,winch
twigs,drupe,melon
degas,brion,primo
joked,warns,warns
fared,glows,glows
fleck,amour,amour
goers,cyndi,wacky
rafts,covey,covey
pikes,chota,aloft
bueno,tidak,itchy
credo,hsing,plait
femur,satin,satin
bushy,rigel,tapir
grits,epoxy,epoxy
golem,fairy,fairy
faked,stung,stung
quirk,synge,plena
panes,gourd,gourd
swath,bulge,bulge
prods,amity,amity
harem,signy,spiky
shoal,minke,vixen
heady,pinto,pinto
fives,culpa,culpa
hoard,pinus,pelts
meson,quark,quark
spelt,hanyu,gumbo
barks,lynch,lynch
glues,aphid,aphid
fated,pskov,hurls
halts,eprom,coder
yerba,pinus,dingo
cubed,thiol,matzo
dinky,jaber,tubal
honed,clasp,clasp
lopes,karin,finch
snipe,tubal,tubal
beaux,rodin,johns
thane,micky,growl
salve,prodi,quint
pansy,tibor,bilge
dingo,cebus,thyme
heist,vlado,bylaw
wield,crush,crush
morel,nazwy,satin
budge,karin,finch
twine,plush,plush
bilge,nazwy,matzo
chewy,roast,roast
leapt,snuck,snuck
plein,ducts,ducts
durst,mcvie,hogan
inked,waugh,harum
rumba,synth,pokey
stung,maher,laker
toads,minke,perch
moxie,snack,snack
dikes,copra,copra
meaty,bling,bruin
rimes,nazwy,polka
dusky,tapir,tapir
gluon,dheas,amide
trios,gluck,melba
gales,kutch,froth
gipsy,korah,melba
fjord,tisza,islet
fords,tilak,lacey
axons,lymph,lymph
boned,syrup,syrup
dirge,nazwy,matzo
dames,yukio,bruin
edict,monks,monks
shrew,polka,polka
foals,denim,denim
prays,cling,cling
kilns,ochre,ochre
mirth,levan,pokey
kilts,corea,chewy
chine,quays,quays
glows,prune,prune
brews,azuki,malty
laity,monks,monks
hales,tibor,dicky
lites,rayon,rayon
spiny,cobra,cobra
clung,waive,waive
maxis,fleur,pokey
graze,squid,squid
woken,duras,prays
hotly,vague,vague
stave,pluck,pluck
punts,jaber,covey
curvy,saigo,matzo
rages,timon,quint
beano,spitz,spitz
spate,winch,winch
gleam,bocks,bocks
halos,vinge,tripe
tamer,yukio,dinky
trice,landy,blush
stile,foamy,foamy
nadir,pskov,sepoy
sahib,dogen,cornu
feist,grupo,gulch
spitz,carne,carne
vying,pacts,pacts
whims,vlado,tubal
fangs,pokey,pokey
wiles,bacon,bacon
slimy,freda,jawed
clump,shone,shone
tilde,unary,unary
hymen,sulci,lapis
tacks,hideo,bruin
duchy,mainz,earls
gaunt,sybil,bower
golds,warne,crept
scrip,mehta,meaty
frets,banjo,banjo
spurt,feliz,calyx
mazes,phong,gluon
farts,phong,guile
anise,flour,flour
raged,copts,snuck
hiked,paros,gulfs
umbra,tonle,inlet
amply,winer,cures
corky,lupin,snail
olden,hijra,sixty
amide,butyl,butyl
wreak,cling,cling
bloat,pesci,snipe
greys,picta,matzo
pawns,vcore,cubed
quint,jaber,melba
loins,drupe,femur
melba,gondi,quint
bream,sloth,sloth
imago,huber,shute
orcas,fungi,fungi
omits,quran,prune
drips,onega,woken
polis,machu,cedar
harps,flute,flute
smelt,copra,copra
paged,thunk,thunk
erupt,flows,flows
carne,studi,spitz
lumpy,stork,stork
unary,poset,poset
coven,shawl,shawl
mores,guilt,guilt
aphid,bocks,bocks
spied,frown,frown
silty,roxen,pecan
ochre,lapis,lapis
posit,argue,argue
magus,doyle,bower
bores,thunk,thunk
goths,vanir,alike
downy,hazel,hazel
lemur,finch,finch
bards,toque,toque
pylon,tubes,tubes
caret,login,login
clave,gondi,thunk
pokes,grbac,gaudy
hunky,pesci,micas
culpa,eikon,fives
froth,ileus,ileus
mired,topaz,topaz
rinks,mehta,toque
smote,qadir,drank
dowry,uncle,uncle
snuck,piled,piled
campy,louse,louse
scaly,drupe,gourd
stoic,freud,laude
hares,dingo,dingo
pokey,bruin,bruin
smite,vlado,growl
hyena,squid,squid
blurs,onega,matzo
larch,vinge,pokey
pleat,burks,dicky
utero,aphid,aphid
ruble,swazi,minas
doers,lucha,manly
blimp,rodes,hanks
chomp,satin,satin
rosin,chewy,chewy
loner,micky,itchy
writs,amend,amend
holed,tacks,tacks
snout,glaze,glaze
irate,bushy,bushy
sitar,gluck,honky
sheaf,monic,monic
duals,vcore,chomp
limes,chota,fjord
quays,mothe,oiler
bight,korps,scarp
calyx,drupe,bumps
gouda,thyme,thyme
raked,chomp,chomp
gaudy,brice,cotes
ambit,cours,rouse
ghoul,stram,dinky
blocs,amity,amity
sayer,tobin,quint
joule,dirac,grams
plied,rayon,rayon
obeys,dirac,quart
halve,gondi,spiny
tamed,sihon,glows
snafu,hideo,oiler
monad,riesz,lithe
bandy,frits,corgi
rebut,divan,divan
coups,waged,waged
twirl,chomp,chomp
ingot,pfalz,larks
glean,stich,pours
voxel,ichat,brans
ovals,bumpy,bumpy
crone,sybil,patsy
thunk,pesci,mylar
laver,finch,finch
pater,signy,hinds
mused,brock,rowan
rebus,polit,plait
foamy,thunk,thunk
lurid,cotes,cotes
tinge,scaly,scaly
quips,jaber,faked
tomes,arukh,culpa
miser,nazwy,thunk
tepid,kaoru,honky
sired,manco,nymph
porky,dugan,bland
waver,cplds,slump
omens,durga,cupid
vanes,fluid,fluid
mocks,dugan,tapir
tripe,ylang,bocks
scone,birka,harum
duels,micky,frown
evict,quash,quash
rifts,nazwy,melba
rumen,itchy,itchy
skein,gumbo,gumbo
arity,defun,defun
aught,rosny,snipe
gules,phoca,rayon
plows,ramen,denim
cotes,nazwy,bruin
lurch,tobey,matzo
quash,nevil,coder
mufti,khans,khans
howls,freda,prune
curia,monks,monks
decry,timon,whims
steno,aphid,aphid
plies,darcy,quart
muons,dicke,aphid
refit,salvo,salvo
ouija,mertz,greys
endow,flush,flush
razed,compi,thins
pithy,monas,fable
shirk,plena,plena
pangs,tobey,filth
exalt,vodun,quips
oaten,ricky,hicks
laker,moniz,stung
guano,pelts,pelts
boars,hulme,quint
ripen,stalk,stalk
pacts,grime,grime
roped,winch,winch
bared,thunk,thunk
harum,jonze,lefty
frock,hilde,valet
wrest,ghazi,cling
runic,tombs,tombs
shute,karin,laird
copes,bruin,bruin
waned,blocs,blocs
spiky,melon,melon
bogie,plush,plush
spier,gadol,matzo
dicky,bower,bower
louse,tapir,tapir
maser,bulky,bulky
malts,chewy,chewy
biome,karst,clays
flume,sport,sport
borax,lumen,lumen
wimps,thunk,thunk
crags,nolte,elfin
sawed,clump,clump
rowed,blush,blush
elfin,argus,porky
dicta,runge,frown
whist,rueda,bagel
weald,kochi,corgi
dicey,sokal,tubal
dungy,stram,melba
bawdy,vinge,scorn
joust,recap,recap
afoul,mintz,hires
blest,gondi,macho
feuds,panic,panic
toque,xiang,wacky
boric,plums,plums
xylem,gourd,gourd
atone,whims,whims
oiler,thunk,thunk
moats,kerch,guyed
dirks,valen,expat
lamer,punts,punts
antic,fleur,lumpy
nudie,croft,croft
untie,vlado,prays
lanky,shrew,shrew
beaks,chomp,chomp
porgy,valet,valet
thins,jaber,mylar
shorn,tiled,tiled
ducal,shire,shire
jawed,plums,plums
lobed,squat,squat
vagus,redox,redox
yogic,sutra,sutra
crony,gupta,deist
satyr,windu,guile
pares,icftu,monic
fount,chera,rimes
meany,ditko,dicks
lithe,cyano,rayon
robed,salih,swain
pelts,azuki,vodka
vinca,queso,butyl
kluge,arnim,brans
tines,calyx,calyx
novas,midge,lurid
glans,vomit,vomit
warps,hideo,itchy
unwed,trakl,gaits
splay,dicke,bruin
larks,timon,ingot
irked,musab,gulfs
kyrie,nacht,octal
nobly,pesci,quips
feign,vlado,prays
mealy,phong,thunk
boule,sivan,swain
sowed,cling,cling
drawl,pinus,smoky
sibyl,nahum,cornu
clefs,hurdy,aphid
moire,chaux,pansy
abuts,gondi,vixen
picot,eylau,melba
deism,zohar,torah
yogis,kerch,tubal
raspy,thong,thong
inker,mocha,mocha
shied,clung,clung
opine,warts,warts
lutes,banjo,banjo
plait,rebus,rebus
geoid,sumba,umbra
curds,epoxy,epoxy
copra,smelt,smelt
unlit,epoxy,epoxy
tubas,chime,chime
lochs,digby,bruin
phyla,fungi,fungi
coset,windu,bruin
feint,mucha,buoys
vires,monuc,bylaw
tapir,louse,louse
monic,sheaf,sheaf
carps,thiol,dingo
poset,unary,unary
auric,ondes,lopes
malty,curds,curds
crits,duhem,plena
plena,misch,trios
scarp,minke,vixen
tansy,drupe,chomp
melds,azuki,rayon
sinew,gravy,gravy
amuck,lovin,growl
deist,albom,rowan
matzo,bruin,bruin
dynes,craig,butch
fakir,dogen,blush
gaits,bruck,chomp
aloes,fungi,fungi
pubis,xylem,xylem
schwa,tilde,tilde
mixup,grahn,argot
hurls,awoke,awoke
clime,thorn,thorn
bipod,thunk,thunk
thaws,brine,brine
ileus,rohan,matzo
velar,gumbo,gumbo
gulfs,minke,aphid
gimps,landy,coder
stela,digby,dinky
argot,levis,levis
cornu,silky,silky
ovule,tapir,tapir
lamed,schon,bruin
carom,punts,punts
micas,thunk,thunk
ephod,skirt,skirt
koine,thrax,bards
khans,corfu,mufti
plebs,yukio,divan
axels,thunk,thunk
sepoy,walid,divan
mohel,signy,pansy
brans,dicke,guile
gofer,ichat,dumps
guyed,bahri,lapis
fugal,prose,prose
yogas,whirl,whirl
wends,tajik,tabor
roans,thyme,thyme
bocks,thyme,thyme
scudo,fante,bilge
wadis,tonle,pouch
gimel,codas,codas
codas,gimel,gimel
fuzes,pylon,pylon
jutes,carib,corgi
